States of Germany,Heidelberg
States of Germany,Germany
States of Germany,Thuringia
States of Germany,Baden-Württemberg
States of Germany,List of cities and towns in Germany
mineralogist,Georg Adolf Suckow
mineralogist,Mineralogy
Philip Miller,Malus
Philip Miller,Royal Society
Philip Miller,botany
Philip Miller,Chelsea Physic Garden
Philip Miller,The Gardeners Dictionary
United States,Golden Delicious
United States,United States Patent and Trademark Office
Trademark,Cripps Pink
Trademark,intellectual property
Trademark,Good (economics and accounting)
Trademark,Service (economics)
Trademark,United States Patent and Trademark Office
Trademark,European Union Intellectual Property Office
husk,seed
husk,botany
husk,fruit
Malus (Phrygia),Malus (disambiguation)
Lady Williams (apple),Cripps Pink
Lady Williams (apple),cultivar
Lady Williams (apple),apple
Lady Williams (apple),Granny Smith
Lady Williams (apple),Jonathan (apple)
Cripps Pink,apple
Cripps Pink,Golden Delicious
Cripps Pink,cultivar
Cripps Pink,Apple
Nymphaeaceae,flowering plant
Nymphaeaceae,flower
flowering plant,fruit
flowering plant,fruit tree
flowering plant,Valanginian
flowering plant,Ranunculaceae
flowering plant,Poaceae
flowering plant,Rosaceae
flowering plant,flower
flowering plant,plant
flowering plant,seed
flowering plant,species
flowering plant,Ovary (botany)
flowering plant,botany
flowering plant,perennial
flowering plant,Fragaria
Hybrid (biology),Strawberry
Hybrid (biology),species
Hybrid (biology),genus
Hybrid (biology),embryo
Hybrid (biology),cultivar
Hybrid (biology),Rubus
Hybrid (biology),Granny Smith
Heiliggeistkirche,Heidelberg
Apple,Malus
Apple,Golden Delicious
Apple,Georg Adolf Suckow
Apple,fruit
Apple,fruit tree
Apple,genus
Apple,tree
Apple,cultivar
Apple,grafting
Apple,Granny Smith
Apple,Red Delicious
Antoine Nicolas Duchesne,Strawberry
Indonesia,botany
Indonesia,nutmeg
Georg Adolf Suckow,apple
Georg Adolf Suckow,Jena
Georg Adolf Suckow,Heidelberg
Georg Adolf Suckow,physicist
Georg Adolf Suckow,chemist
Horticulture,cultivar
Horticulture,Plant propagation
Plant propagation,cultivar
Plant propagation,seed
Pouteria eerwah,Malus
Pouteria eerwah,Planchonella eerwah
Jena,Thomas Nitzsche
Jena,List of cities and towns in Germany
Jena,Germany
Jena,Thuringia
Jena,Erfurt
Angiospermae,flower
ovary (plants),fruit tree
ovary (plants),Ovary (botany)
Thuringia,Germany
Thuringia,Erfurt
Thuringia,List of cities and towns in Germany
subgenus,Raspberry
subgenus,genus
Crabapple,Crabapple (disambiguation)
Crabapple,Malus
scientist,physicist
scientist,chemist
scientist,botany
Golden Delicious,cultivar
Golden Delicious,apple
Golden Delicious,Red Delicious
physics,physicist
physics,chemistry
physics,Theoretical physics
physics,science
physics,Mineralogy
physics,theory of relativity
Malus (Galatia),Malus (disambiguation)
Theoretical physics,physicist
Theoretical physics,science
chemistry,chemist
chemistry,atom
chemistry,molecule
chemistry,botany
chemistry,science
chemistry,Mineralogy
Sowing,seed
flower,fruit tree
flower,fruit
flower,seed
flower,grafting
species,Raspberry
species,genus
species,botany
species,Malus
species,plant
species,Fragaria
Bonus–malus,Malus (disambiguation)
grafting,cultivar
grafting,fruit
grafting,apple
Rubus,Raspberry
Rubus,genus
Rubus,Rosaceae
Rubus,fruit
chemist,Medieval Latin
chemist,molecule
chemist,atom
conifer,tree
conifer,plant
cultivar,phenotypic trait
cultivar,micropropagation
cultivar,apple
cultivar,Granny Smith
cultivar,Fragaria
cultivar,Red Delicious
Malus (Pisidia),Malus (disambiguation)
tuber,seed
tuber,plant
science,botany
seed,fruit
seed,botany
seed,embryo
seed,nutmeg
intellectual property,European Union Intellectual Property Office
botany,fruit
botany,mace (spice)
botany,nutmeg
botany,plant
botany,tree
botany,Poaceae
botany,deciduous
perennial,tree
perennial,plant
perennial,Raspberry
Malus (disambiguation),Malus
atom,molecule
atom,physicist
apple,fruit
apple,Malus
apple,fruit tree
apple,genus
apple,tree
apple,Granny Smith
apple,Rosaceae
apple,Jonathan (apple)
apple,Red Delicious
Germany,Baden-Württemberg
Germany,List of cities and towns in Germany
Heidelberg Castle,Heidelberg
Heidelberg Castle,Baden-Württemberg
Raspberry,fruit
Raspberry,genus
Raspberry,Rosaceae
Malus,Crabapple (disambiguation)
Malus,genus
Malus,deciduous
Malus,tree
Malus,Rosaceae
deciduous,tree
deciduous,fruit
deciduous,Rosaceae
Crabapple (disambiguation),Molly Crabapple
Crabapple (disambiguation),Crabapple Middle School
nutmeg,fruit
Old quantum theory,physicist
angiosperm,tree
angiosperm,fruit
Rosaceae,Strawberry
Rosaceae,Fragaria
Strawberry,fruit
Strawberry,Fragaria
Baden-Württemberg,Heidelberg
Baden-Württemberg,List of cities and towns in Germany
theory of relativity,physicist
genus,Fragaria
fruit tree,tree
fruit tree,fruit
Old Bridge (Heidelberg),Heidelberg
plant,tree
plant,fruit
Fragaria,fruit
