South West England,Gloucestershire
South West England,Wiltshire
South West England,England
South West England,Sovereign state
South West England,United Kingdom
South West England,Districts of England
South West England,Gloucester
UNESCO,World Heritage Committee
UNESCO,region
UNESCO,World Heritage Site
UNESCO,World Heritage Convention
UNESCO,Wiltshire
UNESCO,Celtic languages
UNESCO,Gothic architecture
UNESCO,Hamburg
City of London,River Thames
City of London,City status in the United Kingdom
City of London,Counties of England
City of London,Districts of England
City of London,central business district
City of London,City of London Corporation
City of London,Central London
City of London,Greater London
City of London,Sovereign state
City of London,United Kingdom
City of London,England
City of London,Labour Party (UK)
City of London,London
City of London,London boroughs
City of London,Tower of London
City of London,Tower Bridge
City of London,London Borough of Tower Hamlets
City of London,Old Spitalfields Market
City of London,Southwark
City of London,London Borough of Southwark
City of London,Old Tower Without
Wilshire (disambiguation),Wiltshire
Labour Party (UK),Bermondsey and Old Southwark (UK Parliament constituency)
Labour Party (UK),London
Labour Party (UK),City of London Corporation
Labour Party (UK),London Borough of Tower Hamlets
Labour Party (UK),Gloucestershire County Council
Labour Party (UK),South Gloucestershire Council
Labour Party (UK),London Borough of Southwark
Labour Party (UK),London boroughs
Labour Party (UK),Gloucester
Labour Party (UK),Neil Coyle
White Tower (Tower of London),London Borough of Tower Hamlets
White Tower (Tower of London),Tower of London
Tate Modern,London Borough of Southwark
Tate Modern,River Thames
Tate Modern,Southwark
Tate Modern,London
World Heritage Site,World Heritage Committee
World Heritage Site,World Heritage Convention
World Heritage Site,Tower of London
World Heritage Site,Wiltshire
World Heritage Site,Gothic architecture
World Heritage Site,London
World Heritage Site,Hamburg
Borough Market,London Borough of Southwark
Borough Market,Southwark
Borough Market,London
Borough Market,England
Wilshere,Wiltshire
Liberties of the Tower of London,Tower of London
Liberties of the Tower of London,Liberty (division)
Liberties of the Tower of London,Quarter session
Liberties of the Tower of London,Tower of London (parish)
Liberties of the Tower of London,Old Tower Without
Liberties of the Tower of London,London Borough of Tower Hamlets
River Thames,London
River Thames,Proto-Celtic
River Thames,Tower Bridge
River Thames,Gloucestershire
River Thames,Wiltshire
River Thames,Southwark
River Thames,Greater London
River Thames,Bermondsey
River Thames,Tower of London
River Thames,London Borough of Tower Hamlets
River Thames,Southwark Cathedral
River Thames,London Borough of Southwark
World Heritage Convention,World Heritage Committee
constituency,Bermondsey and Old Southwark (UK Parliament constituency)
United Kingdom,Sellar Property Group
United Kingdom,London
United Kingdom,Charles III
United Kingdom,England
United Kingdom,Western Europe
United Kingdom,London Borough of Tower Hamlets
United Kingdom,City of London Corporation
United Kingdom,Qatar
United Kingdom,London Borough of Southwark
United Kingdom,Commonwealth realm
United Kingdom,Gloucester
City status in the United Kingdom,England
City status in the United Kingdom,Districts of England
City status in the United Kingdom,Greater London
City status in the United Kingdom,London
City status in the United Kingdom,London boroughs
City status in the United Kingdom,Gloucester
Bermondsey,Shad Thames
Bermondsey,Bermondsey and Old Southwark (UK Parliament constituency)
Bermondsey,London Borough of Southwark
Bermondsey,Southwark
Bermondsey,Historic counties of England
Bermondsey,The Shard
Tower of London,London
Tower of London,London Borough of Tower Hamlets
Tower of London,World Heritage Committee
Tower of London,List of World Heritage Sites in Europe
Tower of London,Charles III
Tower of London,Tower Bridge
Globe Theatre,London Borough of Southwark
Globe Theatre,Southwark
Church of England,Southwark Cathedral
Church of England,Charles III
Church of England,England
Church of England,Anglican Diocese of Southwark
Church of England,Salisbury Cathedral
Wiltshire,Marlborough Downs
Wiltshire,Salisbury Cathedral
Wiltshire,Historic counties of England
Wiltshire,Gloucestershire
Liberty (division),county
county,district
county,region
county,Gloucestershire
county,local government
county,municipality
Real estate,Sellar Property Group
Real estate,Emporis
Historic counties of England,Gloucestershire
Historic counties of England,England
Historic counties of England,London
Historic counties of England,Counties of England
Western Europe,Proto-Celtic language
Western Europe,Central Europe
Western Europe,London
London Borough of Tower Hamlets,Tower Bridge
London Borough of Tower Hamlets,London boroughs
London Borough of Tower Hamlets,Old Spitalfields Market
London Borough of Tower Hamlets,Greater London
London Borough of Tower Hamlets,England
London Borough of Tower Hamlets,London
London Borough of Tower Hamlets,London Borough of Southwark
Proto-Celtic language,Proto-Celtic
Proto-Celtic language,Central Europe
Proto-Celtic language,Proto-Indo-European language
Proto-Celtic language,Celtic languages
clockwise,London Inner Ring Road
Charles III,Head of the Commonwealth
Charles III,Commonwealth heads of government
Charles III,2018 Commonwealth Heads of Government Meeting
Charles III,King of the United Kingdom
Charles III,Commonwealth realm
Charles III,England
Tower Bridge,London
Tower Bridge,Shad Thames
Tower Bridge,London Inner Ring Road
Tower Bridge,London Borough of Southwark
Tower Bridge,London congestion charge
Tower Bridge,Southwark
region,district
City of London Corporation,London
City of London Corporation,London boroughs
City of London Corporation,Greater London
CEO,Sellar Property Group
CEO,CoStar Group
Subsidiary,Emporis
Senators for life in Italy,Renzo Piano
Senators for life in Italy,Giorgio Napolitano
Senators for life in Italy,Senate of the Republic (Italy)
Districts of England,London boroughs
Districts of England,Counties of England
Districts of England,London
Anglican Diocese of Southwark,Southwark Cathedral
Anglican Diocese of Southwark,England
Qatar,State of Qatar
Gloucestershire County Council,Gloucestershire
Gloucestershire County Council,Gloucester
Gloucestershire County Council,South Gloucestershire Council
Central London,Southwark
Central London,London Inner Ring Road
Central London,London
Central London,England
Central London,London borough
Central London,urban planning
Central London,London congestion charge
South Gloucestershire Council,Gloucestershire
London Inner Ring Road,Road
London Inner Ring Road,ring road
London Inner Ring Road,London congestion charge
real estate,Emporis
Southwark Cathedral,Southwark
Southwark Cathedral,Gothic architecture
Southwark Cathedral,Gothic Revival architecture
Southwark Cathedral,London Borough of Southwark
Greater London,Bermondsey and Old Southwark (UK Parliament constituency)
Greater London,England
Greater London,London Borough of Southwark
Greater London,London
Greater London,London boroughs
Greater London,Counties of England
Greater London,London congestion charge
Greater London,North Southwark and Bermondsey (UK Parliament constituency)
Southwark,London
Southwark,Bermondsey and Old Southwark (UK Parliament constituency)
Southwark,district
Southwark,London Borough of Southwark
Southwark,The Shard
Counties of England,England
Counties of England,London
2018 Commonwealth Heads of Government Meeting,Head of the Commonwealth
CoStar Group,Emporis
England,London
England,Gothic architecture
England,London Borough of Southwark
England,London boroughs
England,Gloucester
administrative division,district
administrative division,municipality
Gothic Revival architecture,Gothic architecture
Order of Merit of the Italian Republic,Renzo Piano
Gloucestershire,Gloucester
Head of the Commonwealth,London
Head of the Commonwealth,Commonwealth heads of government
Head of the Commonwealth,Commonwealth realm
local government,district
local government,municipality
London Borough of Southwark,London boroughs
London Borough of Southwark,The Shard
London Borough of Southwark,Neil Coyle
North Southwark and Bermondsey (UK Parliament constituency),Bermondsey and Old Southwark (UK Parliament constituency)
Renzo Piano,The Shard
Renzo Piano,Senate of the Republic (Italy)
Renzo Piano,Giorgio Napolitano
website,World Heritage Committee
London,The Shard
London,Sellar Property Group
London,London boroughs
London,Old Tower Without
Giorgio Napolitano,Senate of the Republic (Italy)
Emporis,The Shard
Emporis,Hamburg
London borough,London boroughs
Irvine Sellar,Sellar Property Group
Irvine Sellar,The Shard
State of Qatar,The Shard
Sellar Property Group,The Shard
Bermondsey and Old Southwark (UK Parliament constituency),Neil Coyle
district,municipality
World Heritage Committee,Sovereign state
